Workbook

Sheet Inventario
A1: INVENTARIO DE UNIFORMES - CESANTONI
A2: Control de existencias, salidas y reposición | Generado para mejor control de inventario
A4: Código | B4: Descripción | C4: Categoría | D4: Talla/Tamaño | E4: Existencia Inicial | F4: Costo Unitario | G4: Consumo (Histórico) | H4: Existencia Actual | I4: Stock Mínimo | J4: Estado | K4: Valor Total | L4: QR / ID
A5: UNI-001 | B5: BLUSA P/DAMA M. LARGA OXFORD CELESTE #32 | C5: Blusa Dama | D5: 32 | E5: 4 | F5: 250 | G5: 2 | H5: 2 | I5: 3 | J5: =IF(H5=0,"AGOTADO",IF(H5<=I5,"BAJO","OK")) | K5: =H5*F5 | L5: UNI-001
A6: UNI-002 | B6: BLUSA P/DAMA M. LARGA OXFORD CELESTE #34 | C6: Blusa Dama | D6: 34 | E6: 4 | F6: 250 | G6: 0 | H6: 4 | I6: 3 | J6: =IF(H6=0,"AGOTADO",IF(H6<=I6,"BAJO","OK")) | K6: =H6*F6 | L6: UNI-002
A7: UNI-003 | B7: BLUSA P/DAMA M. LARGA OXFORD CELESTE #36 | C7: Blusa Dama | D7: 36 | E7: 4 | F7: 202.5 | G7: 0 | H7: 4 | I7: 3 | J7: =IF(H7=0,"AGOTADO",IF(H7<=I7,"BAJO","OK")) | K7: =H7*F7 | L7: UNI-003
A8: UNI-004 | B8: BLUSA P/DAMA M. LARGA OXFORD CELESTE #38 | C8: Blusa Dama | D8: 38 | E8: 3 | F8: 202.5 | G8: 0 | H8: 3 | I8: 3 | J8: =IF(H8=0,"AGOTADO",IF(H8<=I8,"BAJO","OK")) | K8: =H8*F8 | L8: UNI-004
A9: UNI-005 | B9: BLUSA DAMA M. LARGA OXFORD CELESTE #40 | C9: Blusa Dama | D9: 40 | E9: 1 | F9: 202.5 | G9: 0 | H9: 1 | I9: 3 | J9: =IF(H9=0,"AGOTADO",IF(H9<=I9,"BAJO","OK")) | K9: =H9*F9 | L9: UNI-005
A10: UNI-006 | B10: BLUSA P/DAMA M. LARGA OXFORD CELESTE #42 | C10: Blusa Dama | D10: 42 | E10: 1 | F10: 202.5 | G10: 0 | H10: 1 | I10: 3 | J10: =IF(H10=0,"AGOTADO",IF(H10<=I10,"BAJO","OK")) | K10: =H10*F10 | L10: UNI-006
A11: UNI-007 | B11: BLUSA DAMA M. LARGA OXFORD CELESTE #44 | C11: Blusa Dama | D11: 44 | E11: 2 | F11: 202.5 | G11: 0 | H11: 2 | I11: 3 | J11: =IF(H11=0,"AGOTADO",IF(H11<=I11,"BAJO","OK")) | K11: =H11*F11 | L11: UNI-007
A12: UNI-008 | B12: BLUSA P/DAMA M. LARGA OXFORD CELESTE #46 | C12: Blusa Dama | D12: 46 | E12: 1 | F12: 202.5 | G12: 0 | H12: 1 | I12: 3 | J12: =IF(H12=0,"AGOTADO",IF(H12<=I12,"BAJO","OK")) | K12: =H12*F12 | L12: UNI-008
A13: UNI-009 | B13: BLUSA DAMA M. LARGA OXFORD CELESTE #48 | C13: Blusa Dama | D13: 48 | E13: 1 | F13: 202.5 | G13: 0 | H13: 1 | I13: 3 | J13: =IF(H13=0,"AGOTADO",IF(H13<=I13,"BAJO","OK")) | K13: =H13*F13 | L13: UNI-009
A14: UNI-010 | B14: CAMISA CABALLERO M. LARGA OXFORD CELESTE #32 | C14: Camisa Caballero Oxford | D14: 32 | E14: 11 | F14: 202.5 | G14: 1 | H14: 11 | I14: 3 | J14: =IF(H14=0,"AGOTADO",IF(H14<=I14,"BAJO","OK")) | K14: =H14*F14 | L14: UNI-010
A15: UNI-011 | B15: CAMISA CABALLERO M. LARGA OXFORD CELESTE #34 | C15: Camisa Caballero Oxford | D15: 34 | E15: 7 | F15: 202.5 | G15: 0 | H15: 7 | I15: 3 | J15: =IF(H15=0,"AGOTADO",IF(H15<=I15,"BAJO","OK")) | K15: =H15*F15 | L15: UNI-011
A16: UNI-012 | B16: CAMISA CABALLERO M. LARGA OXFORD CELESTE #36 | C16: Camisa Caballero Oxford | D16: 36 | E16: 0 | F16: 202.5 | G16: 0 | H16: 0 | I16: 3 | J16: =IF(H16=0,"AGOTADO",IF(H16<=I16,"BAJO","OK")) | K16: =H16*F16 | L16: UNI-012
... A97: UNI-093 | B97: ZAPATO DE SEGURIDAD # 32 | C97: Zapato Seguridad | D97: 32 | E97: 2 | F97: 520 | G97: 0 | H97: 2 | I97: 5 | J97: =IF(H97=0,"AGOTADO",IF(H97<=I97,"BAJO","OK")) | K97: =H97*F97 | L97: UNI-093
A98: TOTALES | H98: =SUM(H5:H97) | K98: =SUM(K5:K97)
A100: LEYENDA DE COLORES:
A101: AGOTADO (0 unidades) | B101: Reponer urgentemente
A102: BAJO (≤ Stock Mínimo) | B102: Próximo a agotarse - considerar pedido
A103: OK (> Stock Mínimo) | B103: Stock saludable

Sheet Movimientos
A1: REGISTRO DE MOVIMIENTOS / ENTREGAS DE UNIFORMES
A2: Registra aquí cada entrega o devolución. Al registrar una SALIDA, actualiza manualmente la Existencia Actual en la hoja Inventario (o usa la columna de control).
A4: ID Movimiento | B4: Fecha | C4: Código Artículo | D4: Descripción | E4: Tipo (Salida/Entrada) | F4: Cantidad | G4: Colaborador / Quién | H4: Área / Departamento | I4: Observaciones | J4: Registrado por
A5: =IF(B5="","",CONCATENATE("MOV-",TEXT(B5,"YYYYMMDD"),"-",TEXT(ROW()-4,"000")))
A6: =IF(B6="","",CONCATENATE("MOV-",TEXT(B6,"YYYYMMDD"),"-",TEXT(ROW()-4,"000")))
A7: =IF(B7="","",CONCATENATE("MOV-",TEXT(B7,"YYYYMMDD"),"-",TEXT(ROW()-4,"000")))
A8: =IF(B8="","",CONCATENATE("MOV-",TEXT(B8,"YYYYMMDD"),"-",TEXT(ROW()-4,"000")))
A9: =IF(B9="","",CONCATENATE("MOV-",TEXT(B9,"YYYYMMDD"),"-",TEXT(ROW()-4,"000")))
A10: =IF(B10="","",CONCATENATE("MOV-",TEXT(B10,"YYYYMMDD"),"-",TEXT(ROW()-4,"000")))
A11: =IF(B11="","",CONCATENATE("MOV-",TEXT(B11,"YYYYMMDD"),"-",TEXT(ROW()-4,"000")))
A12: =IF(B12="","",CONCATENATE("MOV-",TEXT(B12,"YYYYMMDD"),"-",TEXT(ROW()-4,"000")))
A13: =IF(B13="","",CONCATENATE("MOV-",TEXT(B13,"YYYYMMDD"),"-",TEXT(ROW()-4,"000")))
A14: =IF(B14="","",CONCATENATE("MOV-",TEXT(B14,"YYYYMMDD"),"-",TEXT(ROW()-4,"000")))
A15: =IF(B15="","",CONCATENATE("MOV-",TEXT(B15,"YYYYMMDD"),"-",TEXT(ROW()-4,"000")))
A16: =IF(B16="","",CONCATENATE("MOV-",TEXT(B16,"YYYYMMDD"),"-",TEXT(ROW()-4,"000")))
... A54: =IF(B54="","",CONCATENATE("MOV-",TEXT(B54,"YYYYMMDD"),"-",TEXT(ROW()-4,"000")))
A56: INSTRUCCIONES DE USO:
A57: 1. Cada vez que se entregue un uniforme a un colaborador, registra la SALIDA aquí con fecha, código del artículo, cantidad, nombre del colaborador y área.
A58: 2. Después de registrar, ve a la hoja 'Inventario' y resta la cantidad de la columna 'Existencia Actual' del artículo correspondiente.
A59: 3. Si hay devolución o entrada de mercancía nueva, registra como ENTRADA y suma a la existencia.
A60: 4. El código de artículo (ej. UNI-001) está en la hoja Inventario. Usa el filtro o busca por descripción.
A61: 5. Puedes agregar más filas según necesites. El formato condicional de la hoja Inventario te avisará en ROJO cuando el stock esté bajo o agotado.

Sheet Resumen
A1: RESUMEN DE INVENTARIO - CESANTONI
A3: Indicadores clave
A4: Total de SKUs (artículos): | B4: =COUNTA(Inventario!A5:A97)
A5: Artículos con stock OK: | B5: =COUNTIF(Inventario!J5:J97,"OK")
A6: Artículos con stock BAJO: | B6: =COUNTIF(Inventario!J5:J97,"BAJO")
A7: Artículos AGOTADOS: | B7: =COUNTIF(Inventario!J5:J97,"AGOTADO")
A8: Valor total del inventario: | B8: =Inventario!K98
A9: Unidades totales en existencia: | B9: =Inventario!H98
A11: Artículos que requieren atención (BAJO o AGOTADO)
A12: Código | B12: Descripción | C12: Existencia | D12: Stock Mín | E12: Estado
A13: (Usa el filtro en la hoja Inventario → columna Estado → selecciona BAJO y AGOTADO para ver la lista completa)
A15: RECOMENDACIONES DE STOCK MÍNIMO:
A16: • Zapatos de seguridad: mínimo 5 pares por talla
A17: • Playeras / Polos: mínimo 3 por talla
A18: • Camisas, blusas y pantalones: mínimo 3 por talla
A19: Puedes ajustar el 'Stock Mínimo' en la hoja Inventario según tu experiencia de consumo.
A21: SOBRE LOS CÓDIGOS QR:
A22: Cada artículo tiene un Código único (UNI-001, UNI-002, ...). Puedes generar códigos QR con ese texto
A23: usando cualquier generador gratuito (ej. qr-code-generator.com) o apps móviles. Al escanear,
A24: el código te llevará al identificador del artículo para facilitar el registro de salidas.
A25: Si deseas, en una siguiente versión se pueden incrustar imágenes QR directamente en el Excel.

Sheet Catálogo
A1: CATÁLOGO RÁPIDO - CÓDIGOS DE ARTÍCULOS
A3: Código | B3: Descripción | C3: Categoría | D3: Existencia Actual
A4: UNI-001 | B4: BLUSA P/DAMA M. LARGA OXFORD CELESTE #32 | C4: Blusa Dama | D4: 2
A5: UNI-002 | B5: BLUSA P/DAMA M. LARGA OXFORD CELESTE #34 | C5: Blusa Dama | D5: 4
A6: UNI-003 | B6: BLUSA P/DAMA M. LARGA OXFORD CELESTE #36 | C6: Blusa Dama | D6: 4
A7: UNI-004 | B7: BLUSA P/DAMA M. LARGA OXFORD CELESTE #38 | C7: Blusa Dama | D7: 3
A8: UNI-005 | B8: BLUSA DAMA M. LARGA OXFORD CELESTE #40 | C8: Blusa Dama | D8: 1
A9: UNI-006 | B9: BLUSA P/DAMA M. LARGA OXFORD CELESTE #42 | C9: Blusa Dama | D9: 1
A10: UNI-007 | B10: BLUSA DAMA M. LARGA OXFORD CELESTE #44 | C10: Blusa Dama | D10: 2
A11: UNI-008 | B11: BLUSA P/DAMA M. LARGA OXFORD CELESTE #46 | C11: Blusa Dama | D11: 1
A12: UNI-009 | B12: BLUSA DAMA M. LARGA OXFORD CELESTE #48 | C12: Blusa Dama | D12: 1
A13: UNI-010 | B13: CAMISA CABALLERO M. LARGA OXFORD CELESTE #32 | C13: Camisa Caballero Oxford | D13: 11
A14: UNI-011 | B14: CAMISA CABALLERO M. LARGA OXFORD CELESTE #34 | C14: Camisa Caballero Oxford | D14: 7
A15: UNI-012 | B15: CAMISA CABALLERO M. LARGA OXFORD CELESTE #36 | C15: Camisa Caballero Oxford | D15: 0
... A96: UNI-093 | B96: ZAPATO DE SEGURIDAD # 32 | C96: Zapato Seguridad | D96: 2
